{
    "props": {
        "pageProps": {
            "festival": {
                "introText": "<h3><em>For one weekend a year, the gorgeous Peak District countryside becomes home to the Y Not Festival.</em></h3>\r\n<p>There has been steady, organic growth since it began life as a gathering of young people attending an overspilling house party in deepest, darkest, Derbyshirest, Derbyshire. But it does retain the carefree, good-time atmosphere of those original, dawning years.</p>\r\n<p>The festival is still run by the same small team of passionate enthusiasts it was all those years ago (albeit a little older and a little wiser), but with the same ethos at heart &ndash; great people having a great time makes a great festival.</p>\r\n<p>Stunning panoramic views of the countryside, a fully stocked bar of local ales and ciders, a mouth-watering selection of food and more live music than you could ever possibly take in.</p>\r\n<p>All you need to provide is the memories (and a killer fancy dress outfit).</p>\r\n<p>&nbsp;</p>",
                "mediaJson": null,
                "genres": [
                    "Rock",
                    "Alternative",
                    "Indie Pop"
                ],
                "cheapestDayTicket": "0.00",
                "festivalID": 540,
                "festivalName": "Y Not Festival",
                "festivalShortname": "Y Not Festival",
                "safeName": "Y-Not-Festival",
                "listingsData": null,
                "endDate": "2023-07-30",
                "descriptionText": "",
                "seoPageTitle": "",
                "bannerImage": "https://s3-eu-west-1.amazonaws.com/skiddlecdn-images-listings/festivals/6942_1665659811_festbanner.jpg",
                "image": "https://s3-eu-west-1.amazonaws.com/skiddlecdn-images-listings/festivals/9709_1665659499_fest.jpg",
                "reviewsSummary": {
                    "totalReviews": 0,
                    "ratingValue": null,
                    "ratingLocation": null,
                    "ratingAtmosphere": null,
                    "ratingMusic": null,
                    "overallRating": null
                },
                "minAge": 0,
                "startDate": "2023-07-28",
                "location": "Pikehall in Matlock",
                "travel": {
                    "coach": "",
                    "car": "",
                    "taxi": "",
                    "bus": "",
                    "rail": ""
                },
                "latitude": "53.15082400000",
                "longitude": "-1.57458700000",
                "venueID": 5358,
                "promoterID": 236577,
                "currency": "GBP",
                "queueEnabled": 0,
                "tbc": 0,
                "explore": {
                    "categories": [
                        {
                            "name": "Boutique / Grassroots festivals",
                            "link": "/festivals/boutique.html",
                            "id": "boutique---grassroots-festivals"
                        },
                        {
                            "name": "Budget festivals",
                            "link": "/festivals/under-100.html",
                            "id": "budget-festivals"
                        },
                        {
                            "name": "Family Friendly festivals",
                            "link": "/festivals/family-friendly.html",
                            "id": "family-friendly-festivals"
                        }
                    ],
                    "type": [
                        {
                            "name": "Boutique festivals festivals",
                            "link": "/festivals/type/boutique-festivals-93.html",
                            "id": "boutique-festivals"
                        },
                        {
                            "name": "Music festivals",
                            "link": "/festivals/type/music-40.html",
                            "id": "music"
                        }
                    ],
                    "size": [
                        {
                            "name": "Medium sized festivals",
                            "link": "/festivals/size/medium-6.html",
                            "id": "medium"
                        }
                    ],
                    "accommodation": [
                        {
                            "name": "Campervan facilities",
                            "link": "/festivals/accommodation/campervan-20.html",
                            "id": "campervan"
                        },
                        {
                            "name": "Standard Camping facilities",
                            "link": "/festivals/accommodation/standard-camping-12.html",
                            "id": "standard-camping"
                        }
                    ],
                    "amenities": [
                        {
                            "name": "Toilets",
                            "link": "/festivals/amenities/toilets-26.html",
                            "id": "toilets"
                        }
                    ]
                }
            },
            "headerJSON": [
                {
                    "id": "gigs",
                    "title": "gigs",
                    "titleLink": "/live/",
                    "links": [
                        {
                            "id": "all_eventtype",
                            "title": "all gigs",
                            "link": "/live/"
                        },
                        {
                            "id": "all_cities",
                            "title": "view all cities",
                            "link": "/whats-on/cities.html"
                        }
                    ],
                    "categories": [
                        {
                            "id": "cities",
                            "category": "browse gigs in",
                            "links": [
                                {
                                    "title": "Birmingham",
                                    "link": "/gigs/Birmingham/",
                                    "hrefTitle": "Events in Birmingham"
                                },
                                {
                                    "title": "Bristol",
                                    "link": "/gigs/Bristol/",
                                    "hrefTitle": "Events in Bristol"
                                },
                                {
                                    "title": "Brighton",
                                    "link": "/gigs/Brighton/",
                                    "hrefTitle": "Events in Brighton"
                                },
                                {
                                    "title": "Cardiff",
                                    "link": "/gigs/Cardiff/",
                                    "hrefTitle": "Events in Cardiff"
                                },
                                {
                                    "title": "Edinburgh",
                                    "link": "/gigs/Edinburgh/",
                                    "hrefTitle": "Events in Edinburgh"
                                },
                                {
                                    "title": "Glasgow",
                                    "link": "/gigs/Glasgow/",
                                    "hrefTitle": "Events in Glasgow"
                                },
                                {
                                    "title": "Leeds",
                                    "link": "/gigs/Leeds/",
                                    "hrefTitle": "Events in Leeds"
                                },
                                {
                                    "title": "Liverpool",
                                    "link": "/gigs/Liverpool/",
                                    "hrefTitle": "Events in Liverpool"
                                },
                                {
                                    "title": "London",
                                    "link": "/gigs/London/",
                                    "hrefTitle": "Events in London"
                                },
                                {
                                    "title": "Manchester",
                                    "link": "/gigs/Manchester/",
                                    "hrefTitle": "Events in Manchester"
                                },
                                {
                                    "title": "Newcastle",
                                    "link": "/gigs/Newcastle-on-Tyne/",
                                    "hrefTitle": "Events in Newcastle"
                                },
                                {
                                    "title": "Sheffield",
                                    "link": "/gigs/Sheffield/",
                                    "hrefTitle": "Events in Sheffield"
                                },
                                {
                                    "title": "",
                                    "link": ""
                                },
                                {
                                    "title": "View all cities",
                                    "link": "/whats-on/cities.html",
                                    "hrefTitle": "View all cities"
                                }
                            ]
                        },
                        {
                            "id": "all_eventtype",
                            "category": "find events",
                            "links": [
                                {
                                    "title": "Artist tour dates",
                                    "link": "/artists/"
                                },
                                {
                                    "title": "Events by brand",
                                    "link": "/groups/"
                                },
                                {
                                    "title": "Socially Distanced Events",
                                    "link": "/inspire-me/socially-distanced-events-2020"
                                },
                                {
                                    "title": "Virtual Events",
                                    "link": "/whats-on/online/"
                                }
                            ]
                        },
                        {
                            "id": "seasonal",
                            "category": "seasonal",
                            "links": [
                                {
                                    "title": "Festivals 2022",
                                    "link": "/festivals/"
                                },
                                {
                                    "title": "Valentines Day",
                                    "link": "/valentinesday/"
                                }
                            ]
                        },
                        {
                            "id": "top_venues",
                            "category": "top venues",
                            "links": [
                                {
                                    "title": "Hare & Hounds ",
                                    "link": "/whats-on/birmingham/hare-and-hounds/"
                                },
                                {
                                    "title": "YES - Manchester",
                                    "link": "/whats-on/manchester/yes/"
                                },
                                {
                                    "title": "Phase One",
                                    "link": "/whats-on/liverpool/phase-one/"
                                },
                                {
                                    "title": "Invisible Wind Factory",
                                    "link": "/whats-on/liverpool/invisible-wind-factory/"
                                },
                                {
                                    "title": "The Louisiana",
                                    "link": "/whats-on/bristol/The-louisiana/"
                                },
                                {
                                    "title": "The Concorde 2",
                                    "link": "/whats-on/brighton/the-concorde-2/"
                                },
                                {
                                    "title": "The Old Dr Bells Baths",
                                    "link": "/whats-on/edinburgh/the-old-dr-bells-baths/"
                                },
                                {
                                    "title": "St Lukes",
                                    "link": "/whats-on/glasgow/St-Luke%27s-/"
                                },
                                {
                                    "title": "Barrowland Ballroom",
                                    "link": "/whats-on/glasgow/Barrowland-ballroom/"
                                },
                                {
                                    "title": "Brudenell Social Club",
                                    "link": "/whats-on/leeds/brudenell-social-club/"
                                },
                                {
                                    "title": "Millenium Square",
                                    "link": "/whats-on/leeds/Millenium-square/"
                                },
                                {
                                    "title": "The Jazz Cafe",
                                    "link": "/whats-on/london/The-jazz-cafe/"
                                },
                                {
                                    "title": "The Steelyard",
                                    "link": "/whats-on/london/The-steel-yard/"
                                },
                                {
                                    "title": "The Cluny",
                                    "link": "/whats-on/Newcastle-on-tyne/the-cluny/"
                                },
                                {
                                    "title": "Record Junkee",
                                    "link": "/whats-on/sheffield/record-junkee/"
                                }
                            ]
                        }
                    ],
                    "genres": {
                        "id": "genre_images",
                        "title": "gigs by genres",
                        "links": [
                            {
                                "title": "Rock & Metal gigs",
                                "image": "https://d1plawd8huk6hh.cloudfront.net/images/landing/backgrounds/rhcp-small2.jpg",
                                "link": "/live/rock-metal.html"
                            },
                            {
                                "title": "Indie & Alternative gigs",
                                "image": "https://d1plawd8huk6hh.cloudfront.net/images/landing/backgrounds/arctic-monkeys-small2.jpg",
                                "link": "/live/indie-alternative.html"
                            },
                            {
                                "title": "Hip Hop & R&B gigs",
                                "image": "https://d1plawd8huk6hh.cloudfront.net/images/landing/backgrounds/loyle-carner-small2.jpg",
                                "link": "/live/hip-hop-rnb.html"
                            },
                            {
                                "title": "Reggae & Dancehall gigs",
                                "image": "https://d1plawd8huk6hh.cloudfront.net/images/landing/backgrounds/lee-scratch-perry-small2.jpg",
                                "link": "/live/reggae-dancehall.html"
                            },
                            {
                                "title": "Electronic gigs",
                                "image": "https://d1plawd8huk6hh.cloudfront.net/images/landing/backgrounds/daft-punk-small2.jpg",
                                "link": "/live/electronic.html"
                            },
                            {
                                "title": "Pop gigs",
                                "image": "https://d1plawd8huk6hh.cloudfront.net/images/landing/backgrounds/jess-glynne-small2.jpg",
                                "link": "/live/pop.html"
                            },
                            {
                                "title": "Funk & Soul gigs",
                                "image": "https://d1plawd8huk6hh.cloudfront.net/images/landing/backgrounds/mark-ronson-small2.jpg",
                                "link": "/live/funk-soul.html"
                            },
                            {
                                "title": "Folk & Blues gigs",
                                "image": "https://d1plawd8huk6hh.cloudfront.net/images/landing/backgrounds/lucy-rose-small2.jpg",
                                "link": "/live/folk-blues.html"
                            }
                        ]
                    }
                },
                {
                    "id": "clubs",
                    "title": "clubs",
                    "titleLink": "/clubs/",
                    "links": [
                        {
                            "id": "all_eventtype",
                            "title": "all clubbing events",
                            "link": "/clubs/"
                        },
                        {
                            "id": "all_cities",
                            "title": "view all cities",
                            "link": "/whats-on/cities.html"
                        }
                    ],
                    "categories": [
                        {
                            "id": "cities",
                            "category": "browse club events in",
                            "links": [
                                {
                                    "title": "Birmingham",
                                    "link": "/clubs/Birmingham/",
                                    "hrefTitle": "Events in Birmingham"
                                },
                                {
                                    "title": "Bristol",
                                    "link": "/clubs/Bristol/",
                                    "hrefTitle": "Events in Bristol"
                                },
                                {
                                    "title": "Brighton",
                                    "link": "/clubs/Brighton/",
                                    "hrefTitle": "Events in Brighton"
                                },
                                {
                                    "title": "Cardiff",
                                    "link": "/clubs/Cardiff/",
                                    "hrefTitle": "Events in Cardiff"
                                },
                                {
                                    "title": "Edinburgh",
                                    "link": "/clubs/Edinburgh/",
                                    "hrefTitle": "Events in Edinburgh"
                                },
                                {
                                    "title": "Glasgow",
                                    "link": "/clubs/Glasgow/",
                                    "hrefTitle": "Events in Glasgow"
                                },
                                {
                                    "title": "Leeds",
                                    "link": "/clubs/Leeds/",
                                    "hrefTitle": "Events in Leeds"
                                },
                                {
                                    "title": "Liverpool",
                                    "link": "/clubs/Liverpool/",
                                    "hrefTitle": "Events in Liverpool"
                                },
                                {
                                    "title": "London",
                                    "link": "/clubs/London/",
                                    "hrefTitle": "Events in London"
                                },
                                {
                                    "title": "Manchester",
                                    "link": "/clubs/Manchester/",
                                    "hrefTitle": "Events in Manchester"
                                },
                                {
                                    "title": "Newcastle",
                                    "link": "/clubs/Newcastle-on-Tyne/",
                                    "hrefTitle": "Events in Newcastle"
                                },
                                {
                                    "title": "Sheffield",
                                    "link": "/clubs/Sheffield/",
                                    "hrefTitle": "Events in Sheffield"
                                },
                                {
                                    "title": "",
                                    "link": ""
                                },
                                {
                                    "title": "View all cities",
                                    "link": "/whats-on/cities.html",
                                    "hrefTitle": "View all cities"
                                }
                            ]
                        },
                        {
                            "id": "find_events",
                            "category": "find events",
                            "links": [
                                {
                                    "title": "Artist/DJ tour dates",
                                    "link": "/artists/"
                                },
                                {
                                    "title": "Events by brand",
                                    "link": "/groups/"
                                },
                                {
                                    "title": "Top 100 Clubs",
                                    "link": "/whats-on/top100clubs.html"
                                },
                                {
                                    "title": "Socially Distanced Events",
                                    "link": "/inspire-me/socially-distanced-events-2021"
                                },
                                {
                                    "title": "Virtual Events",
                                    "link": "/whats-on/online/"
                                }
                            ]
                        },
                        {
                            "id": "seasonal",
                            "category": "seasonal",
                            "links": [
                                {
                                    "title": "Festivals 2022",
                                    "link": "/festivals/"
                                },
                                {
                                    "title": "Ibiza 20201",
                                    "link": "/ibiza/"
                                },
                                {
                                    "title": "Croatia 20201",
                                    "link": "/croatia/"
                                },
                                {
                                    "title": "Fathers Day",
                                    "link": "/fathersday/"
                                }
                            ]
                        },
                        {
                            "id": "top_clubs",
                            "category": "top clubs",
                            "links": [
                                {
                                    "title": "WHP",
                                    "link": "/groups/thewarehouseproject/"
                                },
                                {
                                    "title": "Printworks",
                                    "link": "/whats-on/London/Printworks-London/"
                                },
                                {
                                    "title": "Motion",
                                    "link": "/groups/motionbristol/"
                                },
                                {
                                    "title": "Victoria Warehouse",
                                    "link": "/whats-on/Manchester/O2-Victoria-Warehouse/"
                                },
                                {
                                    "title": "Albert Hall",
                                    "link": "/groups/alberthall/"
                                },
                                {
                                    "title": "24 Kitchen Street",
                                    "link": "/whats-on/Liverpool/24-Kitchen-Street/"
                                },
                                {
                                    "title": "Ministry of Sound",
                                    "link": "/whats-on/London/Ministry-Of-Sound/"
                                },
                                {
                                    "title": "Digital",
                                    "link": "/whats-on/Newcastle-on-Tyne/Digital/"
                                },
                                {
                                    "title": "Lab11",
                                    "link": "/whats-on/Birmingham/LAB11/"
                                },
                                {
                                    "title": "Bramley Moore Dock",
                                    "link": "/whats-on/Liverpool/Bramley-Moore-Dock/"
                                },
                                {
                                    "title": "Digbeth Arena",
                                    "link": "/whats-on/Birmingham/Digbeth-Arena/"
                                },
                                {
                                    "title": "The Mill",
                                    "link": "/whats-on/Birmingham/The-Mill-Digbeth/"
                                },
                                {
                                    "title": "Social Avenue",
                                    "link": "/whats-on/Manchester/Social-Avenue/"
                                },
                                {
                                    "title": "Dreamland",
                                    "link": "/whats-on/Margate/Dreamland/"
                                },
                                {
                                    "title": "Fabric",
                                    "link": "/groups/fabric/"
                                }
                            ]
                        },
                        {
                            "id": "top_events",
                            "category": "top events",
                            "links": [
                                {
                                    "title": "WAH",
                                    "link": "/groups/elrow/"
                                },
                                {
                                    "title": "Elrow",
                                    "link": "/groups/elrow/"
                                },
                                {
                                    "title": "Glitterbox",
                                    "link": "/groups/glitterbox/"
                                },
                                {
                                    "title": "Circus",
                                    "link": "/groups/circusliverpool/"
                                },
                                {
                                    "title": "Homoelectric",
                                    "link": "/groups/homoelectric/"
                                },
                                {
                                    "title": "Defected",
                                    "link": "/groups/defectedinthehouse/"
                                },
                                {
                                    "title": "PierJam",
                                    "link": "/groups/pierjam/"
                                },
                                {
                                    "title": "Garage Nation",
                                    "link": "/groups/garagenation/"
                                },
                                {
                                    "title": "Goodgreef",
                                    "link": "/groups/goodgreef/"
                                },
                                {
                                    "title": "Jika Jika",
                                    "link": "/groups/Jikajika/"
                                },
                                {
                                    "title": "Weird Science",
                                    "link": "/groups/weirdscience/"
                                },
                                {
                                    "title": "Cirque Du Soul",
                                    "link": "/groups/cirquedusoul/"
                                },
                                {
                                    "title": "Bedlam",
                                    "link": "/groups/bedlamcardiff/"
                                },
                                {
                                    "title": "Circus x Cream",
                                    "link": "/groups/circusxcream/"
                                },
                                {
                                    "title": "Cream",
                                    "link": "/groups/cream/"
                                }
                            ]
                        }
                    ],
                    "genres": {
                        "id": "genre_images",
                        "title": "clubs by genres",
                        "links": [
                            {
                                "title": "House & Techno club events",
                                "image": "https://d1plawd8huk6hh.cloudfront.net/landing-pages/backgrounds/nina-kraviz-small2.jpg",
                                "link": "/clubs/house-techno.html"
                            },
                            {
                                "title": "UKG & Bass Music club events",
                                "image": "https://d1plawd8huk6hh.cloudfront.net/landing-pages/backgrounds/dj-ez-small2.png",
                                "link": "/clubs/ukg-bass-music.html"
                            },
                            {
                                "title": "EDM club events",
                                "image": "https://d1plawd8huk6hh.cloudfront.net/landing-pages/backgrounds/don-diablo-small2.png",
                                "link": "/clubs/main-room-edm.html"
                            },
                            {
                                "title": "Funk, Soul & Disco club events",
                                "image": "https://d1plawd8huk6hh.cloudfront.net/landing-pages/backgrounds/dimitri-from-paris-small2.jpg",
                                "link": "/clubs/funk-soul-disco.html"
                            },
                            {
                                "title": "Trance & Hard Dance club events",
                                "image": "https://d1plawd8huk6hh.cloudfront.net/landing-pages/backgrounds/paul-oakenfold-small2.jpg",
                                "link": "/clubs/trance-hard-dance.html"
                            },
                            {
                                "title": "Hip Hop & R&B club events",
                                "image": "https://d1plawd8huk6hh.cloudfront.net/landing-pages/backgrounds/kendrick-small2.jpg",
                                "link": "/clubs/hip-hop-rnb.html"
                            },
                            {
                                "title": "Reggae, DUB & Dancehall club events",
                                "image": "https://d1plawd8huk6hh.cloudfront.net/images/landing/backgrounds/lee-scratch-perry-small2.jpg",
                                "link": "/clubs/reggae-dub.html"
                            },
                            {
                                "title": "Pop, Rock & Indie club events",
                                "image": "https://d1plawd8huk6hh.cloudfront.net/landing-pages/backgrounds/arctic-monkeys-small2.jpg",
                                "link": "/clubs/rock-indie.html"
                            }
                        ]
                    }
                },
                {
                    "id": "festivals",
                    "title": "festivals",
                    "titleLink": "/festivals/",
                    "links": [
                        {
                            "id": "all_eventtype",
                            "title": "festivals",
                            "link": "/festivals/"
                        }
                    ],
                    "categories": [
                        {
                            "id": "find_festival",
                            "category": "find your perfect festival",
                            "links": [
                                {
                                    "title": "Festivals 2022",
                                    "link": "/festivals/"
                                },
                                {
                                    "title": "Festival Finder",
                                    "link": "/festivals/search/"
                                }
                            ]
                        },
                        {
                            "id": "types_festivals",
                            "category": "types of festivals",
                            "links": [
                                {
                                    "title": "Dance Music Festivals",
                                    "link": "/festivals/dance.html"
                                },
                                {
                                    "title": "Rock and Indie Festivals",
                                    "link": "/festivals/rock-indie.html"
                                },
                                {
                                    "title": "Boutique Festivals",
                                    "link": "/festivals/boutique.html"
                                },
                                {
                                    "title": "Budget Festivals",
                                    "link": "/festivals/under-100.html"
                                },
                                {
                                    "title": "European/Overseas Festivals",
                                    "link": "/festivals/overseas.html"
                                },
                                {
                                    "title": "Browse all festivals",
                                    "link": "/festivals/search/"
                                },
                                {
                                    "title": "Budget Festivals",
                                    "link": "/festivals/under-100.html"
                                },
                                {
                                    "title": "Family Friendly Festivals",
                                    "link": "/festivals/family-friendly.html"
                                },
                                {
                                    "title": "Payment Plan Festivals",
                                    "link": "/inspire-me/payment-plan-festivals"
                                }
                            ]
                        },
                        {
                            "id": "festival_tickets",
                            "category": "festival tickets",
                            "links": [
                                {
                                    "title": "51st Festival",
                                    "link": "/festivals/51st-state-festival/"
                                },
                                {
                                    "title": "Bassfest",
                                    "link": "/festivals/bassfest/"
                                },
                                {
                                    "title": "Belladrum",
                                    "link": "/festivals/belladrum/"
                                },
                                {
                                    "title": "Bluedot",
                                    "link": "/festivals/bluedot-festival/",
                                    "hideMobile": true
                                },
                                {
                                    "title": "Boundary Brighton",
                                    "link": "/festivals/boundary-brighton/"
                                },
                                {
                                    "title": "Creamfields North",
                                    "link": "/festivals/creamfields/",
                                    "hideMobile": true
                                },
                                {
                                    "title": "Creamfields South",
                                    "link": "/festivals/creamfields-south/",
                                    "hideMobile": true
                                },
                                {
                                    "title": "Dream Valley",
                                    "link": "/festivals/Dream-Valley/",
                                    "hideMobile": true
                                },
                                {
                                    "title": "El Dorado",
                                    "link": "/festivals/El-Dorado/",
                                    "hideMobile": true
                                },
                                {
                                    "title": "Electric Woodlands",
                                    "link": "/festivals/Electric-Woodlands/",
                                    "hideMobile": true
                                },
                                {
                                    "title": "Field day",
                                    "link": "/festivals/Field-day/",
                                    "hideMobile": true
                                },
                                {
                                    "title": "Fields of Gold",
                                    "link": "/festivals/Fields-of-Gold/",
                                    "hideMobile": true
                                },
                                {
                                    "title": "Hide & Seek",
                                    "link": "/festivals/hide-seek-festival/",
                                    "hideMobile": true
                                },
                                {
                                    "title": "Highest Point Festival",
                                    "link": "/festivals/Highest-Point-Festival/",
                                    "hideMobile": true
                                },
                                {
                                    "title": "In It Together",
                                    "link": "/festivals/In-It-Together/",
                                    "hideMobile": true
                                },
                                {
                                    "title": "Inside Out",
                                    "link": "/festivals/Inside-Out/",
                                    "hideMobile": true
                                },
                                {
                                    "title": "Junction 2",
                                    "link": "/festivals/Junction-2/",
                                    "hideMobile": true
                                },
                                {
                                    "title": "Kendal calling",
                                    "link": "/festivals/Kendal-calling/",
                                    "hideMobile": true
                                },
                                {
                                    "title": "Kubix Festival ",
                                    "link": "/festivals/Kubix-Festival/",
                                    "hideMobile": true
                                },
                                {
                                    "title": "Lovebox",
                                    "link": "/festivals/Lovebox/",
                                    "hideMobile": true
                                },
                                {
                                    "title": "Lytham Festival",
                                    "link": "/festivals/Lytham-prom/",
                                    "hideMobile": true
                                },
                                {
                                    "title": "MADE",
                                    "link": "/festivals/MADE-birmingham/",
                                    "hideMobile": true
                                },
                                {
                                    "title": "Mint Festival",
                                    "link": "/festivals/Mint-Festival/",
                                    "hideMobile": true
                                },
                                {
                                    "title": "Moovin Festival",
                                    "link": "/festivals/Moovin-Festival/",
                                    "hideMobile": true
                                },
                                {
                                    "title": "Neighbourhood Weekender",
                                    "link": "/festivals/neighbourhood-weekender/"
                                },
                                {
                                    "title": "Parklife",
                                    "link": "/festivals/Parklife2/",
                                    "hideMobile": true
                                },
                                {
                                    "title": "Playground Festival",
                                    "link": "/festivals/playground-festival/",
                                    "hideMobile": true
                                },
                                {
                                    "title": "Reminisce Festival",
                                    "link": "/festivals/Reminisce-Festival/",
                                    "hideMobile": true
                                },
                                {
                                    "title": "Snowboxx",
                                    "link": "/festivals/Snowboxx-festival/",
                                    "hideMobile": true
                                },
                                {
                                    "title": "Solfest",
                                    "link": "/festivals/Solfest/",
                                    "hideMobile": true
                                },
                                {
                                    "title": "Terminal V",
                                    "link": "/festivals/Terminal-v-festival/",
                                    "hideMobile": true
                                },
                                {
                                    "title": "The Weekender",
                                    "link": "/festivals/The-weekender/",
                                    "hideMobile": true
                                },
                                {
                                    "title": "Westfest",
                                    "link": "/festivals/Westfest/",
                                    "hideMobile": true
                                },
                                {
                                    "title": "More festival tickets",
                                    "link": "/festivals/",
                                    "hideMobile": true
                                }
                            ]
                        }
                    ],
                    "genres": null
                },
                {
                    "id": "whats_on",
                    "title": "what's on",
                    "titleLink": "/whats-on/",
                    "links": [
                        {
                            "id": "all_eventtype",
                            "title": "All Events",
                            "link": "/whats-on/"
                        }
                    ],
                    "categories": [
                        {
                            "id": "cities",
                            "category": "browse events in",
                            "links": [
                                {
                                    "title": "Events Home",
                                    "link": "/whats-on/"
                                },
                                {
                                    "title": "Birmingham",
                                    "link": "/whats-on/Birmingham/",
                                    "hrefTitle": "Events in Birmingham"
                                },
                                {
                                    "title": "Bristol",
                                    "link": "/whats-on/Bristol/",
                                    "hrefTitle": "Events in Bristol"
                                },
                                {
                                    "title": "Brighton",
                                    "link": "/whats-on/Brighton/",
                                    "hrefTitle": "Events in Brighton"
                                },
                                {
                                    "title": "Cardiff",
                                    "link": "/whats-on/Cardiff/",
                                    "hrefTitle": "Events in Cardiff"
                                },
                                {
                                    "title": "Edinburgh",
                                    "link": "/whats-on/Edinburgh/",
                                    "hrefTitle": "Events in Edinburgh"
                                },
                                {
                                    "title": "Glasgow",
                                    "link": "/whats-on/Glasgow/",
                                    "hrefTitle": "Events in Glasgow"
                                },
                                {
                                    "title": "Leeds",
                                    "link": "/whats-on/Leeds/",
                                    "hrefTitle": "Events in Leeds"
                                },
                                {
                                    "title": "Liverpool",
                                    "link": "/whats-on/Liverpool/",
                                    "hrefTitle": "Events in Liverpool"
                                },
                                {
                                    "title": "London",
                                    "link": "/whats-on/London/",
                                    "hrefTitle": "Events in London"
                                },
                                {
                                    "title": "Manchester",
                                    "link": "/whats-on/Manchester/",
                                    "hrefTitle": "Events in Manchester"
                                },
                                {
                                    "title": "Newcastle",
                                    "link": "/whats-on/Newcastle-on-Tyne/",
                                    "hrefTitle": "Events in Newcastle"
                                },
                                {
                                    "title": "Sheffield",
                                    "link": "/whats-on/Sheffield/",
                                    "hrefTitle": "Events in Sheffield"
                                },
                                {
                                    "title": "View all cities",
                                    "link": "/whats-on/cities.html",
                                    "hrefTitle": "View all cities"
                                }
                            ]
                        },
                        {
                            "id": "city_guides",
                            "category": "city guides",
                            "links": [
                                {
                                    "title": "London Guide",
                                    "link": "/cities/london/"
                                },
                                {
                                    "title": "Manchester Guide",
                                    "link": "/cities/manchester/"
                                },
                                {
                                    "title": "Liverpool Guide",
                                    "link": "/cities/liverpool/"
                                },
                                {
                                    "title": "Leeds Guide",
                                    "link": "/cities/leeds/"
                                },
                                {
                                    "title": "Birmingham Guide",
                                    "link": "/cities/birmingham/"
                                },
                                {
                                    "title": "Newcastle Guide",
                                    "link": "/cities/newcastle-on-tyne/"
                                },
                                {
                                    "title": "Edinburgh Guide",
                                    "link": "/cities/edinburgh/"
                                },
                                {
                                    "title": "Glasgow Guide",
                                    "link": "/cities/glasgow/"
                                },
                                {
                                    "title": "Brighton Guide",
                                    "link": "/cities/brighton/"
                                },
                                {
                                    "title": "Bristol Guide",
                                    "link": "/cities/bristol/"
                                },
                                {
                                    "title": "Cardiff Guide",
                                    "link": "/cities/cardiff/"
                                }
                            ]
                        },
                        {
                            "id": "popular_artists",
                            "category": "popular artists",
                            "links": [
                                {
                                    "title": "andy c",
                                    "link": "/artists/andy-c-123457009/"
                                },
                                {
                                    "title": "bicep",
                                    "link": "/artists/bicep-123504694/"
                                },
                                {
                                    "title": "bonobo",
                                    "link": "/artists/bonobo-123483600/"
                                },
                                {
                                    "title": "camelphat",
                                    "link": "/artists/camelphat-123530158/"
                                },
                                {
                                    "title": "caribou",
                                    "link": "/artists/caribou-123481754/"
                                },
                                {
                                    "title": "chase & Status",
                                    "link": "/artists/chase--status-123456801/"
                                },
                                {
                                    "title": "denis sulta",
                                    "link": "/artists/denis-sulta-123542576/"
                                },
                                {
                                    "title": "eric prydz",
                                    "link": "/artists/eric-prydz-123456863/"
                                },
                                {
                                    "title": "four tet",
                                    "link": "/artists/four-tet-123471730/"
                                },
                                {
                                    "title": "hybrid minds",
                                    "link": "/artists/hybrid-minds-123508782/"
                                },
                                {
                                    "title": "nina kraviz",
                                    "link": "/artists/nina-kraviz-123499386/"
                                },
                                {
                                    "title": "patrick topping",
                                    "link": "/artists/patrick-topping-123520148/"
                                },
                                {
                                    "title": "peggy gou",
                                    "link": "/artists/peggy-gou-123551749/"
                                },
                                {
                                    "title": "solardo",
                                    "link": "/artists/solardo-123546951/"
                                },
                                {
                                    "title": "Sonny Fodera",
                                    "link": "/artists/sonny-fodera-123515298/"
                                },
                                {
                                    "title": "view all artists",
                                    "link": "/artists/"
                                }
                            ]
                        },
                        {
                            "id": "seasonal_links",
                            "category": "Valentines Day",
                            "links": [
                                {
                                    "title": "London Guide",
                                    "link": "/cities/london/valentines-day.html"
                                },
                                {
                                    "title": "Manchester Guide",
                                    "link": "/cities/manchester/valentines-day.html"
                                },
                                {
                                    "title": "Liverpool Guide",
                                    "link": "/cities/liverpool/valentines-day.html"
                                },
                                {
                                    "title": "Cardiff Guide",
                                    "link": "/cities/cardiff/valentines-day.html"
                                },
                                {
                                    "title": "Edinburgh Guide",
                                    "link": "/cities/edinburgh/valentines-day.html"
                                }
                            ]
                        }
                    ],
                    "genres": null
                },
                {
                    "id": "things_to_do",
                    "title": "things to do",
                    "titleLink": "/cities/",
                    "links": [
                        {
                            "id": "all_eventtype",
                            "title": "all things to do",
                            "link": "/things-to-do/"
                        }
                    ],
                    "categories": [
                        {
                            "id": "cities",
                            "category": "things to do in",
                            "links": [
                                {
                                    "title": "Liverpool",
                                    "link": "/things-to-do/Liverpool/",
                                    "hrefTitle": "Things to do in Liverpool"
                                },
                                {
                                    "title": "London",
                                    "link": "/things-to-do/London/",
                                    "hrefTitle": "Things to do in London"
                                },
                                {
                                    "title": "Manchester",
                                    "link": "/things-to-do/Manchester/",
                                    "hrefTitle": "Things to do in Manchester"
                                },
                                {
                                    "title": "Birmingham",
                                    "link": "/things-to-do/Birmingham/",
                                    "hrefTitle": "Things to do in Birmingham"
                                },
                                {
                                    "title": "Leeds",
                                    "link": "/things-to-do/Leeds/",
                                    "hrefTitle": "Things to do in Leeds"
                                },
                                {
                                    "title": "Newcastle",
                                    "link": "/things-to-do/Newcastle-on-Tyne/",
                                    "hrefTitle": "Things to do in Newcastle"
                                },
                                {
                                    "title": "Cardiff",
                                    "link": "/things-to-do/Cardiff/",
                                    "hrefTitle": "Things to do in Cardiff"
                                },
                                {
                                    "title": "Edinburgh",
                                    "link": "/things-to-do/Edinburgh/",
                                    "hrefTitle": "Things to do in Edinburgh"
                                },
                                {
                                    "title": "Bristol",
                                    "link": "/things-to-do/Bristol/",
                                    "hrefTitle": "Things to do in Bristol"
                                },
                                {
                                    "title": "Glasgow",
                                    "link": "/things-to-do/Glasgow/",
                                    "hrefTitle": "Things to do in Glasgow"
                                },
                                {
                                    "title": "Sheffield",
                                    "link": "/things-to-do/Sheffield/",
                                    "hrefTitle": "Things to do in Sheffield"
                                }
                            ]
                        },
                        {
                            "id": "comedy_in",
                            "category": "comedy in",
                            "links": [
                                {
                                    "title": "Liverpool",
                                    "link": "/comedy/Liverpool/",
                                    "hrefTitle": ""
                                },
                                {
                                    "title": "London",
                                    "link": "/comedy/London/",
                                    "hrefTitle": ""
                                },
                                {
                                    "title": "Manchester",
                                    "link": "/comedy/Manchester/",
                                    "hrefTitle": ""
                                },
                                {
                                    "title": "Birmingham",
                                    "link": "/comedy/Birmingham/",
                                    "hrefTitle": ""
                                },
                                {
                                    "title": "Leeds",
                                    "link": "/comedy/Leeds/",
                                    "hrefTitle": ""
                                },
                                {
                                    "title": "Newcastle",
                                    "link": "/comedy/Newcastle/",
                                    "hrefTitle": ""
                                },
                                {
                                    "title": "Cardiff",
                                    "link": "/comedy/Cardiff/",
                                    "hrefTitle": ""
                                },
                                {
                                    "title": "Edinburgh",
                                    "link": "/comedy/Edinburgh/",
                                    "hrefTitle": ""
                                },
                                {
                                    "title": "Bristol",
                                    "link": "/comedy/Bristol/",
                                    "hrefTitle": ""
                                },
                                {
                                    "title": "Glasgow",
                                    "link": "/comedy/Glasgow/",
                                    "hrefTitle": ""
                                },
                                {
                                    "title": "Sheffield",
                                    "link": "/comedy/Sheffield/",
                                    "hrefTitle": ""
                                }
                            ]
                        },
                        {
                            "id": "theatre_in",
                            "category": "theatre in",
                            "links": [
                                {
                                    "title": "Liverpool",
                                    "link": "/theatre/Liverpool/",
                                    "hrefTitle": ""
                                },
                                {
                                    "title": "London",
                                    "link": "/theatre/London/",
                                    "hrefTitle": ""
                                },
                                {
                                    "title": "Manchester",
                                    "link": "/theatre/Manchester/",
                                    "hrefTitle": ""
                                },
                                {
                                    "title": "Birmingham",
                                    "link": "/theatre/Birmingham/",
                                    "hrefTitle": ""
                                },
                                {
                                    "title": "Leeds",
                                    "link": "/theatre/Leeds/",
                                    "hrefTitle": ""
                                },
                                {
                                    "title": "Newcastle",
                                    "link": "/theatre/Newcastle/",
                                    "hrefTitle": ""
                                },
                                {
                                    "title": "Cardiff",
                                    "link": "/theatre/Cardiff/",
                                    "hrefTitle": ""
                                },
                                {
                                    "title": "Edinburgh",
                                    "link": "/theatre/Edinburgh/",
                                    "hrefTitle": ""
                                },
                                {
                                    "title": "Bristol",
                                    "link": "/theatre/Bristol/",
                                    "hrefTitle": ""
                                },
                                {
                                    "title": "Glasgow",
                                    "link": "/theatre/Glasgow/",
                                    "hrefTitle": ""
                                },
                                {
                                    "title": "Sheffield",
                                    "link": "/theatre/Sheffield/",
                                    "hrefTitle": ""
                                }
                            ]
                        },
                        {
                            "id": "exhibitions_in",
                            "category": "exhibitions & attractions in",
                            "links": [
                                {
                                    "title": "Liverpool",
                                    "link": "/exhibitions/Liverpool/",
                                    "hrefTitle": ""
                                },
                                {
                                    "title": "London",
                                    "link": "/exhibitions/London/",
                                    "hrefTitle": ""
                                },
                                {
                                    "title": "Manchester",
                                    "link": "/exhibitions/Manchester/",
                                    "hrefTitle": ""
                                },
                                {
                                    "title": "Birmingham",
                                    "link": "/exhibitions/Birmingham/",
                                    "hrefTitle": ""
                                },
                                {
                                    "title": "Leeds",
                                    "link": "/exhibitions/Leeds/",
                                    "hrefTitle": ""
                                },
                                {
                                    "title": "Newcastle",
                                    "link": "/exhibitions/Newcastle/",
                                    "hrefTitle": ""
                                },
                                {
                                    "title": "Cardiff",
                                    "link": "/exhibitions/Cardiff/",
                                    "hrefTitle": ""
                                },
                                {
                                    "title": "Edinburgh",
                                    "link": "/exhibitions/Edinburgh/",
                                    "hrefTitle": ""
                                },
                                {
                                    "title": "Bristol",
                                    "link": "/exhibitions/Bristol/",
                                    "hrefTitle": ""
                                },
                                {
                                    "title": "Glasgow",
                                    "link": "/exhibitions/Glasgow/",
                                    "hrefTitle": ""
                                },
                                {
                                    "title": "Sheffield",
                                    "link": "/exhibitions/Sheffield/",
                                    "hrefTitle": ""
                                }
                            ]
                        }
                    ],
                    "genres": null
                },
                {
                    "id": "add_event",
                    "title": "add event",
                    "titleLink": "https://promotioncentre.co.uk",
                    "links": [],
                    "categories": [],
                    "genres": null
                }
            ],
            "artists": [],
            "reviews": [],
            "meta": {},
            "reviewsSummary": {
                "totalReviews": 0,
                "ratingValue": null,
                "ratingLocation": null,
                "ratingAtmosphere": null,
                "ratingMusic": null,
                "overallRating": null
            },
            "faqs": [
                {
                    "id": 3222,
                    "festivalId": 540,
                    "question": "When is Y Not Festival 2023?",
                    "answer": "<p>Y Not Festival takes place on Friday 28th July - Sunday 30th July 2023.</p>",
                    "order": 1,
                    "tab": "general"
                },
                {
                    "id": 3224,
                    "festivalId": 540,
                    "question": "How do I get to Y Not Festival by car?",
                    "answer": "<p>If you're driving to Y Not Festival and planning to park then you will need a car park pass. These are cheapest when purchased in advance (&pound;20).</p>\r\n<p>&nbsp;</p>\r\n<p>The address is Pikehall, Derbyshire, DE4 2PG.</p>",
                    "order": 1,
                    "tab": "travel"
                },
                {
                    "id": 3227,
                    "festivalId": 540,
                    "question": "How do I get to Y Not Festival by car?",
                    "answer": "<p>If you're driving to Y Not Festival and planning to park then you will need a car park pass. These are cheapest when purchased in advance (20) and will cover you for the whole weekend.</p>\r\n<p></p>\r\n<p>The address is Pikehall, Derbyshire, DE4 2PG.</p>",
                    "order": 1,
                    "tab": "travel"
                },
                {
                    "id": 3230,
                    "festivalId": 540,
                    "question": "Does Y Not Festival have on-site camping?",
                    "answer": "<p>Yes, all tickets for Y Not Festival include Weekend Camping. Glamping or Campervan tickets can be bought seperately.</p>",
                    "order": 1,
                    "tab": "camping"
                },
                {
                    "id": 3234,
                    "festivalId": 540,
                    "question": "Accessibility information",
                    "answer": "<p>For accessibility information please see&nbsp;https://ynotfestival.com/information/access/.</p>",
                    "order": 1,
                    "tab": "disabled_access"
                },
                {
                    "id": 3235,
                    "festivalId": 540,
                    "question": "Do I have to buy a ticket for a child?",
                    "answer": "<p>Children aged 12 and under are allowed into Y Not Festival for free, but you will need to book this in advance. If you show up on the day without tickets, you will be turned away.</p>",
                    "order": 1,
                    "tab": "ticket_information"
                },
                {
                    "id": 3223,
                    "festivalId": 540,
                    "question": "Where is Y Not Festival?",
                    "answer": "<p>Y Not Festival is located at Pikehall, Derbyshire DE5 2PG.</p>",
                    "order": 2,
                    "tab": "general"
                },
                {
                    "id": 3225,
                    "festivalId": 540,
                    "question": "How do I get to Y Not Festival by coach?",
                    "answer": "<p>For the latest information on pre-booked coach travel, please visit&nbsp;https://ynotfestival.com/information/travel/.</p>",
                    "order": 2,
                    "tab": "travel"
                },
                {
                    "id": 3228,
                    "festivalId": 540,
                    "question": "How do I get to Y Not Festival by coach?",
                    "answer": "<p>For the latest information on pre-booked coach travel, please visithttps://ynotfestival.com/information/travel/.</p>",
                    "order": 2,
                    "tab": "travel"
                },
                {
                    "id": 3231,
                    "festivalId": 540,
                    "question": "Where can I find more information about glamping at Y Not Festival?",
                    "answer": "<p>You can find more info about glamping at Y Not Festival here:&nbsp;https://ynotfestival.com/upgrade/glamping/</p>",
                    "order": 2,
                    "tab": "camping"
                },
                {
                    "id": 3226,
                    "festivalId": 540,
                    "question": "How do I get to Y Not Festival by public transport?",
                    "answer": "<p>The nearest railway stations are:</p>\r\n<ul>\r\n<li>Buxton - approx. 20 mins away by car/bus</li>\r\n<li>Matlock (NOT Matlock Bath) - approx. 17 mins away by car/bus</li>\r\n</ul>",
                    "order": 3,
                    "tab": "travel"
                },
                {
                    "id": 3229,
                    "festivalId": 540,
                    "question": "How do I get to Y Not Festival by public transport?",
                    "answer": "<p>The nearest railway stations are:</p>\r\n<ul>\r\n<li>Buxton - approx. 20 mins away by car/bus</li>\r\n<li>Matlock (NOT Matlock Bath) - approx. 17 mins away by car/bus</li>\r\n</ul>",
                    "order": 3,
                    "tab": "travel"
                },
                {
                    "id": 3232,
                    "festivalId": 540,
                    "question": "Can I visit my friends in family camping?",
                    "answer": "<p>You need a family wristband to enter the family camping area. These are available at no extra cost, just specify when purchasing your festival tickets. If you have already bought tickets and require a wristband, you will need to email&nbsp;customerservices@gigantic.com in advance - you will not be able to change ticket type at the festival itself.</p>",
                    "order": 3,
                    "tab": "camping"
                },
                {
                    "id": 3236,
                    "festivalId": 540,
                    "question": "Can I leave and re-enter Y Not Festival?",
                    "answer": "<p>Yes, but you may only bring in alcohol on your first entry to the campsite. You will need to show your wristband each time you re-enter.</p>",
                    "order": 3,
                    "tab": "general"
                },
                {
                    "id": 3233,
                    "festivalId": 540,
                    "question": "",
                    "answer": "",
                    "order": 4,
                    "tab": "camping"
                },
                {
                    "id": 3237,
                    "festivalId": 540,
                    "question": "How much alcohol can I bring to Y Not Festival?",
                    "answer": "<p>You can bring alcohol to the campsite only, and only when you first enter. Glass will not be permitted and will be confiscated upon entry.</p>",
                    "order": 4,
                    "tab": "general"
                },
                {
                    "id": 3238,
                    "festivalId": 540,
                    "question": "Are there any age restrictions at Y Not Festival?",
                    "answer": "<p>All ages are welcome. Tickets for 12 years and under are free but need to be acquired in advance. Anyone under 16 must be accompanied by a responsible adult (21+) - this</p>",
                    "order": 5,
                    "tab": "general"
                }
            ],
            "venue": {
                "id": 5358,
                "name": "Pikehall",
                "location": {
                    "address": "Pikehall",
                    "town": "Matlock",
                    "postcode": "DE4 2xx",
                    "latitude": 53.150824,
                    "longitude": -1.574587
                },
                "type": "Nightclub",
                "imageUrl": "false",
                "postcodeLookup": "Derby"
            },
            "adminPanelData": {
                "memory": 398,
                "version": "v16.19.0",
                "containerIP": "169.254.172.2",
                "listingsData": null,
                "promoterID": 236577,
                "remoteAddr": "93.84.31.149"
            },
            "reviewsDisplayFour": [],
            "news": null
        },
        "__N_SSP": true
    },
    "page": "/[...all]",
    "query": {
        "all": [
            "Y-Not-Festival"
        ]
    },
    "buildId": "s36eHI9zSRpf3XbedkL60",
    "assetPrefix": "/festivals",
    "isFallback": false,
    "dynamicIds": [
        6772,
        7315
    ],
    "gssp": true,
    "customServer": true,
    "scriptLoader": []
}